Année 0;800.00;51.52;64.33;62.56;78.11;73.60;91.90;1200.00;98.06;121.50
Année 1;816.00;52.55;65.61;63.81;79.67;75.08;93.74;1224.00;100.03;123.93
Année 2;832.32;65.09;81.27;76.58;95.62;76.58;95.62;1248.48;102.03;126.41
Année 3;848.97;66.39;82.89;78.11;97.53;78.11;97.53;1273.45;104.07;128.94
Année 4;865.95;79.67;99.48;79.67;99.48;79.67;99.48;1298.92;106.15;131.52
Année 5;883.26;81.26;101.46;81.26;101.46;81.26;101.46;1324.90;108.27;134.15
Année 6;900.93;82.89;103.50;82.89;103.50;82.89;103.50;1351.39;110.44;136.83
Année 7;918.95;84.55;105.57;84.55;105.57;84.55;105.57;1378.42;112.64;139.57
Année 8;937.33;86.24;107.68;86.24;107.68;86.24;107.68;1405.99;114.90;142.36
Année 9;956.07;87.96;109.83;87.96;109.83;87.96;109.83;1434.11;117.20;145.20
Année 10;975.20;89.72;112.02;89.72;112.02;89.72;112.02;1462.79;119.54;148.11
Année 11;994.70;91.52;114.27;91.52;114.27;91.52;114.27;1492.05;121.93;151.07
Année 12;1014.59;93.35;116.56;93.35;116.56;93.35;116.56;1521.89;124.37;154.09
Année 13;1034.89;93.35;116.56;93.35;116.56;93.35;116.56;1552.33;126.86;157.17
Année 14;1055.58;93.35;116.56;93.35;116.56;93.35;116.56;1583.37;129.39;160.32
Année 15;1076.69;95.22;118.89;95.22;118.89;95.22;118.89;1615.04;131.98;163.52
Année 16;1098.23;95.22;118.89;95.22;118.89;95.22;118.89;1647.34;134.62;166.79
Année 17;1120.19;95.22;118.89;95.22;118.89;95.22;118.89;1680.29;137.31;170.13
Année 18;1142.60;95.22;118.89;95.22;118.89;95.22;118.89;1713.90;140.06;173.53
Année 19;1165.45;95.22;118.89;95.22;118.89;95.22;118.89;1748.17;142.86;177.00
Année 20;1188.76;95.22;118.89;95.22;118.89;95.22;118.89;1783.14;145.72;180.54
